id;start_date;end_date
1;JSON UAE Dirham;firewall circuit synthesizing
2;experiences North Dakota;Quality-focused Intelligent Steel Car Jewelery
3;Supervisor;Grocery matrices generating
4;Rest exploit capacitor;application
5;Brand;Plastic Pizza Malaysia
6;Indiana Auto Loan Account;Isle
7;Versatile Investment Account;hierarchy Unbranded Plastic Soap Ergonomic Fresh Chair
8;intermediate alliance payment;Ergonomic best-of-breed
9;Stravenue Credit Card Account;Fort analyzing
10;e-enable;Qatar deposit technologies
