id;name;code;description;category;timestamp;is_active
1;Generic Steel Tuna;website calculating;cross-platform support;navigate wireless Chilean Peso Unidades de fomento;reboot;Dynamic magenta Track
2;actuating THX;Division;Steel;Kina networks;Metical partnerships;Infrastructure
3;Internal compressing;withdrawal Bedfordshire;Credit Card Account;Gloves Lao People's Democratic Republic;neutral;Rustic Concrete Car
4;Computer Oklahoma Identity;throughput;Village;Identity Vermont indigo;JSON;New Mexico Implementation Steel
5;Shirt intangible;Prairie;Rubber CSS;Bike Keyboard Tunnel;Ergonomic Concrete Ball SMS;Gorgeous Rubber Cheese quantifying
6;cross-platform;multi-byte online Forward;open-source;Computer efficient Sleek Soft Sausages;applications;Implementation
7;wireless navigate grey;solution Automotive;e-commerce Ergonomic Concrete Salad;Ergonomic;Ergonomic Metal Keyboard full-range Cambridgeshire;Chair National Ukraine
8;Associate Games;Balboa US Dollar Usability transmit;Incredible Steel Soap Outdoors;Global Algeria Executive;Down-sized;Gorgeous Fresh Pants optical Practical
9;Solutions interactive International;Square Home Loan Account Practical Frozen Shirt;Sausages capacity;Administrator open system;Practical Colombian Peso Unidad de Valor Real executive;mobile
10;Sleek Gateway program;invoice index Borders;Pula;copying;transmit;deposit global Sausages
